{
  "token_acc":null,
  "token_p":null,
  "token_r":null,
  "token_f":null,
  "span_finder_span_candidates_p":0.147260274,
  "span_finder_span_candidates_r":0.7766159696,
  "span_finder_span_candidates_f":0.2475757576,
  "spans_sc_p":0.7138613861,
  "spans_sc_r":0.6853612167,
  "spans_sc_f":0.6993210475,
  "spans_sc_per_type":{
    "MONOGLOSS":{
      "p":0.7238493724,
      "r":0.7935779817,
      "f":0.7571115974
    },
    "ENTERTAIN":{
      "p":0.75,
      "r":0.7699115044,
      "f":0.7598253275
    },
    "DENY":{
      "p":0.7222222222,
      "r":0.6666666667,
      "f":0.6933333333
    },
    "JUSTIFYING":{
      "p":0.7314814815,
      "r":0.6752136752,
      "f":0.7022222222
    },
    "TEXT_SEQUENCING":{
      "p":0.6923076923,
      "r":0.6923076923,
      "f":0.6923076923
    },
    "ENDOPHORIC":{
      "p":0.5454545455,
      "r":0.3333333333,
      "f":0.4137931034
    },
    "CONCUR":{
      "p":0.5384615385,
      "r":0.5,
      "f":0.5185185185
    },
    "COUNTER":{
      "p":0.7469879518,
      "r":0.8157894737,
      "f":0.7798742138
    },
    "ATTRIBUTE":{
      "p":0.7,
      "r":0.4772727273,
      "f":0.5675675676
    },
    "COMPARATIVE":{
      "p":0.619047619,
      "r":0.4482758621,
      "f":0.52
    },
    "ENDORSE":{
      "p":0.5833333333,
      "r":0.5384615385,
      "f":0.56
    },
    "CITATION":{
      "p":0.8928571429,
      "r":0.8620689655,
      "f":0.8771929825
    },
    "SOURCES":{
      "p":0.5909090909,
      "r":0.5492957746,
      "f":0.5693430657
    },
    "EXEMPLIFYING":{
      "p":0.8695652174,
      "r":0.8,
      "f":0.8333333333
    },
    "PRONOUNCE":{
      "p":0.5,
      "r":0.4444444444,
      "f":0.4705882353
    },
    "GOAL_ANNOUNCING":{
      "p":0.0,
      "r":0.0,
      "f":0.0
    },
    "EXPOSITORY":{
      "p":0.3846153846,
      "r":0.625,
      "f":0.4761904762
    }
  },
  "speed":1167.7401895117
}