{
  "token_acc":null,
  "token_p":null,
  "token_r":null,
  "token_f":null,
  "span_finder_span_candidates_p":0.4291044776,
  "span_finder_span_candidates_r":0.7278481013,
  "span_finder_span_candidates_f":0.5399061033,
  "spans_sc_p":0.75,
  "spans_sc_r":0.6835443038,
  "spans_sc_f":0.7152317881,
  "spans_sc_per_type":{
    "ENTERTAIN":{
      "p":0.8292682927,
      "r":0.8095238095,
      "f":0.8192771084
    },
    "PRONOUNCE":{
      "p":0.0,
      "r":0.0,
      "f":0.0
    },
    "MONOGLOSS":{
      "p":0.6,
      "r":0.5581395349,
      "f":0.578313253
    },
    "JUSTIFY":{
      "p":0.9230769231,
      "r":0.7058823529,
      "f":0.8
    },
    "DENY":{
      "p":1.0,
      "r":1.0,
      "f":1.0
    },
    "ATTRIBUTE":{
      "p":0.5454545455,
      "r":0.5454545455,
      "f":0.5454545455
    },
    "ENDORSE":{
      "p":1.0,
      "r":1.0,
      "f":1.0
    },
    "COUNTER":{
      "p":0.7272727273,
      "r":0.6153846154,
      "f":0.6666666667
    },
    "CITATION":{
      "p":0.6363636364,
      "r":0.5833333333,
      "f":0.6086956522
    }
  },
  "speed":1682.3331929728
}