{
  "token_acc":null,
  "token_p":null,
  "token_r":null,
  "token_f":null,
  "span_finder_span_candidates_p":0.1566306783,
  "span_finder_span_candidates_r":0.9756982227,
  "span_finder_span_candidates_f":0.2699291245,
  "spans_sc_p":0.9925589086,
  "spans_sc_r":0.9609124867,
  "spans_sc_f":0.9764793601,
  "spans_sc_per_type":{
    "ENTERTAIN":{
      "p":0.9931414437,
      "r":0.9698067633,
      "f":0.9813354072
    },
    "MONOGLOSS":{
      "p":0.9962614027,
      "r":0.9639704818,
      "f":0.9798499779
    },
    "DENY":{
      "p":0.9964044944,
      "r":0.9658026574,
      "f":0.9808649486
    },
    "SOURCES":{
      "p":0.9980674631,
      "r":0.9536679537,
      "f":0.9753626921
    },
    "JUSTIFYING":{
      "p":0.9836956522,
      "r":0.9594850435,
      "f":0.9714395246
    },
    "COUNTER":{
      "p":0.9843570278,
      "r":0.9789521849,
      "f":0.9816471668
    },
    "ATTRIBUTE":{
      "p":0.9946743761,
      "r":0.9638749631,
      "f":0.9790324996
    },
    "ENDORSE":{
      "p":0.9853658537,
      "r":0.9078651685,
      "f":0.9450292398
    },
    "ENDOPHORIC":{
      "p":1.0,
      "r":0.9098873592,
      "f":0.9528178244
    },
    "PRONOUNCE":{
      "p":0.9747706422,
      "r":0.9577464789,
      "f":0.9661835749
    },
    "COMPARATIVE":{
      "p":0.9917695473,
      "r":0.9253976961,
      "f":0.9574347333
    },
    "CITATION":{
      "p":0.9993002099,
      "r":0.9940828402,
      "f":0.9966846973
    },
    "CONCUR":{
      "p":1.0,
      "r":0.8693115519,
      "f":0.9300873908
    },
    "*":{
      "p":0.0,
      "r":0.0,
      "f":0.0
    }
  },
  "speed":1779.3962821374
}