{
  "token_acc":null,
  "token_p":null,
  "token_r":null,
  "token_f":null,
  "sents_p":0.9034907598,
  "sents_r":0.9034907598,
  "sents_f":0.9034907598,
  "dep_uas":null,
  "dep_las":null,
  "dep_las_per_type":null,
  "spans_sc_p":0.7517182131,
  "spans_sc_r":0.6578947368,
  "spans_sc_f":0.7016840417,
  "spans_sc_per_type":{
    "MONOGLOSS":{
      "p":0.7526132404,
      "r":0.7659574468,
      "f":0.7592267135
    },
    "ENTERTAIN":{
      "p":0.7862068966,
      "r":0.7284345048,
      "f":0.7562189055
    },
    "CITATION":{
      "p":0.9482758621,
      "r":0.8870967742,
      "f":0.9166666667
    },
    "ATTRIBUTE":{
      "p":0.625,
      "r":0.5263157895,
      "f":0.5714285714
    },
    "DENY":{
      "p":0.6868686869,
      "r":0.6666666667,
      "f":0.6766169154
    },
    "COMPARATIVE":{
      "p":0.7333333333,
      "r":0.3928571429,
      "f":0.511627907
    },
    "JUSTIFYING":{
      "p":0.8173076923,
      "r":0.524691358,
      "f":0.6390977444
    },
    "SOURCES":{
      "p":0.7575757576,
      "r":0.5681818182,
      "f":0.6493506494
    },
    "ENDORSE":{
      "p":0.4736842105,
      "r":0.5294117647,
      "f":0.5
    },
    "COUNTER":{
      "p":0.7653061224,
      "r":0.6818181818,
      "f":0.7211538462
    },
    "ENDOPHORIC":{
      "p":0.0,
      "r":0.0,
      "f":0.0
    },
    "CONCUR":{
      "p":0.5,
      "r":0.3888888889,
      "f":0.4375
    },
    "PRONOUNCE":{
      "p":0.6111111111,
      "r":0.6111111111,
      "f":0.6111111111
    }
  },
  "speed":851.3239014919
}