{
  "token_acc":null,
  "token_p":null,
  "token_r":null,
  "token_f":null,
  "sents_p":0.865598975,
  "sents_r":0.8974495218,
  "sents_f":0.8812365486,
  "dep_uas":null,
  "dep_las":null,
  "dep_las_per_type":null,
  "spans_sc_p":0.9920805734,
  "spans_sc_r":0.9048254307,
  "spans_sc_f":0.946446192,
  "spans_sc_per_type":{
    "ENTERTAIN":{
      "p":0.9885468862,
      "r":0.9097496706,
      "f":0.9475128645
    },
    "DENY":{
      "p":0.9965846995,
      "r":0.9533870616,
      "f":0.9745074029
    },
    "MONOGLOSS":{
      "p":0.998049805,
      "r":0.9626682101,
      "f":0.9800397731
    },
    "ENDORSE":{
      "p":1.0,
      "r":0.9280898876,
      "f":0.9627039627
    },
    "SOURCES":{
      "p":0.9932022782,
      "r":0.9075037771,
      "f":0.9484210526
    },
    "COUNTER":{
      "p":0.9947280799,
      "r":0.8201784489,
      "f":0.8990595611
    },
    "JUSTIFYING":{
      "p":0.9794350282,
      "r":0.8205225293,
      "f":0.8929638405
    },
    "ATTRIBUTE":{
      "p":0.9982542454,
      "r":0.927455028,
      "f":0.9615531606
    },
    "PRONOUNCE":{
      "p":0.999405116,
      "r":0.9464788732,
      "f":0.9722222222
    },
    "ENDOPHORIC":{
      "p":0.9685362517,
      "r":0.8861076345,
      "f":0.9254901961
    },
    "COMPARATIVE":{
      "p":0.9638069705,
      "r":0.7888096544,
      "f":0.867571644
    },
    "CITATION":{
      "p":0.9930858806,
      "r":0.9498781761,
      "f":0.9710016011
    },
    "CONCUR":{
      "p":1.0,
      "r":0.8786464411,
      "f":0.9354037267
    },
    "*":{
      "p":0.0,
      "r":0.0,
      "f":0.0
    }
  },
  "speed":883.8734899616
}