{
  "token_acc":null,
  "token_p":null,
  "token_r":null,
  "token_f":null,
  "span_finder_span_candidates_p":0.4041811847,
  "span_finder_span_candidates_r":0.7341772152,
  "span_finder_span_candidates_f":0.5213483146,
  "spans_sc_p":0.7534246575,
  "spans_sc_r":0.6962025316,
  "spans_sc_f":0.7236842105,
  "spans_sc_per_type":{
    "ENTERTAIN":{
      "p":0.7906976744,
      "r":0.8095238095,
      "f":0.8
    },
    "PRONOUNCE":{
      "p":0.5,
      "r":0.3333333333,
      "f":0.4
    },
    "MONOGLOSS":{
      "p":0.6428571429,
      "r":0.6279069767,
      "f":0.6352941176
    },
    "DENY":{
      "p":1.0,
      "r":1.0,
      "f":1.0
    },
    "JUSTIFY":{
      "p":0.8,
      "r":0.4705882353,
      "f":0.5925925926
    },
    "ATTRIBUTE":{
      "p":0.6363636364,
      "r":0.6363636364,
      "f":0.6363636364
    },
    "ENDORSE":{
      "p":1.0,
      "r":1.0,
      "f":1.0
    },
    "COUNTER":{
      "p":0.8181818182,
      "r":0.6923076923,
      "f":0.75
    },
    "CITATION":{
      "p":0.7,
      "r":0.5833333333,
      "f":0.6363636364
    }
  },
  "speed":2907.3038981591
}