{
  "token_acc":null,
  "token_p":null,
  "token_r":null,
  "token_f":null,
  "span_finder_span_candidates_p":0.3588235294,
  "span_finder_span_candidates_r":0.7721518987,
  "span_finder_span_candidates_f":0.4899598394,
  "spans_sc_p":0.686746988,
  "spans_sc_r":0.7215189873,
  "spans_sc_f":0.7037037037,
  "spans_sc_per_type":{
    "MONOGLOSS":{
      "p":0.5744680851,
      "r":0.6279069767,
      "f":0.6
    },
    "ENTERTAIN":{
      "p":0.75,
      "r":0.7857142857,
      "f":0.7674418605
    },
    "PRONOUNCE":{
      "p":0.5,
      "r":0.3333333333,
      "f":0.4
    },
    "JUSTIFY":{
      "p":0.8125,
      "r":0.7647058824,
      "f":0.7878787879
    },
    "DENY":{
      "p":1.0,
      "r":1.0,
      "f":1.0
    },
    "ATTRIBUTE":{
      "p":0.5,
      "r":0.5454545455,
      "f":0.5217391304
    },
    "COUNTER":{
      "p":0.6,
      "r":0.6923076923,
      "f":0.6428571429
    },
    "ENDORSE":{
      "p":0.6666666667,
      "r":1.0,
      "f":0.8
    },
    "CITATION":{
      "p":0.6666666667,
      "r":0.6666666667,
      "f":0.6666666667
    }
  },
  "speed":1707.8707647665
}