{
  "token_acc": null,
  "token_p": null,
  "token_r": null,
  "token_f": null,
  "span_finder_span_candidates_p": 0.402955665,
  "span_finder_span_candidates_r": 0.8212851406,
  "span_finder_span_candidates_f": 0.5406477198,
  "spans_sc_p": 0.8008474576,
  "spans_sc_r": 0.7590361446,
  "spans_sc_f": 0.7793814433,
  "spans_sc_per_type": {
    "DENY": {
      "p": 0.8684210526,
      "r": 0.9705882353,
      "f": 0.9166666667
    },
    "COUNTER": {
      "p": 0.8666666667,
      "r": 0.847826087,
      "f": 0.8571428571
    },
    "CITATION": {
      "p": 0.8333333333,
      "r": 0.7692307692,
      "f": 0.8
    },
    "ENTERTAIN": {
      "p": 0.7984496124,
      "r": 0.7803030303,
      "f": 0.7892720307
    },
    "MONOGLOSS": {
      "p": 0.8258064516,
      "r": 0.8476821192,
      "f": 0.8366013072
    },
    "JUSTIFY": {
      "p": 0.7878787879,
      "r": 0.6046511628,
      "f": 0.6842105263
    },
    "ATTRIBUTE": {
      "p": 0.64,
      "r": 0.4210526316,
      "f": 0.5079365079
    },
    "ENDORSE": {
      "p": 0.5384615385,
      "r": 0.6363636364,
      "f": 0.5833333333)
    },
    "TEMPORAL": {
      "p": 0.0,
      "r": 0.0,
      "f": 0.0
    },
    "CONCUR": {
      "p": 1.0,
      "r": 0.25,
      "f": 0.4
    },
    "PRONOUNCE": {
      "p": 0.5,
      "r": 0.5,
      "f": 0.5
    }
  },
  "speed": 1766.4669526146
}