{
  "token_acc": null,
  "token_p": null,
  "token_r": null,
  "token_f": null,
  "span_finder_span_candidates_p": 0.4393939394,
  "span_finder_span_candidates_r": 0.7341772152,
  "span_finder_span_candidates_f": 0.5497630332,
  "spans_sc_p": 0.7278911565,
  "spans_sc_r": 0.6772151899,
  "spans_sc_f": 0.7016393443,
  "spans_sc_per_type": {
    "ENTERTAIN": {
      "p": 0.8333333333,
      "r": 0.8333333333,
      "f": 0.8333333333
    },
    "PRONOUNCE": {
      "p": 0.0,
      "r": 0.0,
      "f": 0.0
    },
    "MONOGLOSS": {
      "p": 0.6341463415,
      "r": 0.6046511628,
      "f": 0.619047619
    },
    "DENY": {
      "p": 1.0,
      "r": 0.9333333333,
      "f": 0.9655172414
    },
    "JUSTIFY": {
      "p": 0.6666666667,
      "r": 0.5882352941,
      "f": 0.625
    },
    "ATTRIBUTE": {
      "p": 0.5,
      "r": 0.3636363636,
      "f": 0.4210526316
    },
    "ENDORSE": {
      "p": 1.0,
      "r": 1.0,
      "f": 1.0
    },
    "COUNTER": {
      "p": 0.6923076923,
      "r": 0.6923076923,
      "f": 0.6923076923
    },
    "CITATION": {
      "p": 0.5833333333,
      "r": 0.5833333333,
      "f": 0.5833333333
    }
  },
  "speed": 1625.3269008978
}