{
  "token_acc":null,
  "token_p":null,
  "token_r":null,
  "token_f":null,
  "sents_p":0.8223787167,
  "sents_r":0.8813417191,
  "sents_f":0.8508399109,
  "dep_uas":null,
  "dep_las":null,
  "dep_las_per_type":null,
  "spans_sc_p":0.6511134677,
  "spans_sc_r":0.4898563939,
  "spans_sc_f":0.5590894309,
  "spans_sc_per_type":{
    "ATTRIBUTE":{
      "p":0.6940789474,
      "r":0.4465608466,
      "f":0.5434642627
    },
    "SOURCES":{
      "p":0.7583333333,
      "r":0.6447368421,
      "f":0.6969365427
    },
    "MONOGLOSS":{
      "p":0.5319974144,
      "r":0.769878391,
      "f":0.629204893
    },
    "JUSTIFYING":{
      "p":0.7393561786,
      "r":0.693957115,
      "f":0.7159376571
    },
    "ENTERTAIN":{
      "p":0.2950819672,
      "r":0.0124309392,
      "f":0.0238568588
    },
    "DENY":{
      "p":0.7205588822,
      "r":0.646953405,
      "f":0.6817752597
    },
    "COUNTER":{
      "p":0.8371428571,
      "r":0.7541827542,
      "f":0.7935003385
    },
    "ENDORSE":{
      "p":0.2897822446,
      "r":0.5290519878,
      "f":0.3744588745
    },
    "PRONOUNCE":{
      "p":0.2181818182,
      "r":0.0222634508,
      "f":0.0404040404
    },
    "ENDOPHORIC":{
      "p":0.4208494208,
      "r":0.375862069,
      "f":0.3970856102
    },
    "CITATION":{
      "p":0.9607843137,
      "r":0.6351851852,
      "f":0.7647714604
    },
    "CONCUR":{
      "p":0.9026548673,
      "r":0.3820224719,
      "f":0.5368421053
    }
  },
  "speed":782.4783616145
}