{
  "token_acc":null,
  "token_p":null,
  "token_r":null,
  "token_f":null,
  "tag_acc":0.0,
  "sents_p":0.8395061728,
  "sents_r":0.8717948718,
  "sents_f":0.8553459119,
  "dep_uas":null,
  "dep_las":null,
  "dep_las_per_type":null,
  "ents_p":0.0,
  "ents_r":0.0,
  "ents_f":0.0,
  "ents_per_type":{
    "PERSON":{
      "p":0.0,
      "r":0.0,
      "f":0.0
    },
    "CARDINAL":{
      "p":0.0,
      "r":0.0,
      "f":0.0
    },
    "DATE":{
      "p":0.0,
      "r":0.0,
      "f":0.0
    },
    "GPE":{
      "p":0.0,
      "r":0.0,
      "f":0.0
    },
    "ATTRIBUTE":{
      "p":0.0,
      "r":0.0,
      "f":0.0
    },
    "ENTERTAIN":{
      "p":0.0,
      "r":0.0,
      "f":0.0
    },
    "PRONOUNCE":{
      "p":0.0,
      "r":0.0,
      "f":0.0
    },
    "MONOGLOSS":{
      "p":0.0,
      "r":0.0,
      "f":0.0
    },
    "COUNTER":{
      "p":0.0,
      "r":0.0,
      "f":0.0
    },
    "DENY":{
      "p":0.0,
      "r":0.0,
      "f":0.0
    },
    "CONCUR":{
      "p":0.0,
      "r":0.0,
      "f":0.0
    },
    "PERCENT":{
      "p":0.0,
      "r":0.0,
      "f":0.0
    },
    "LOC":{
      "p":0.0,
      "r":0.0,
      "f":0.0
    },
    "ENDORSE":{
      "p":0.0,
      "r":0.0,
      "f":0.0
    },
    "WORK_OF_ART":{
      "p":0.0,
      "r":0.0,
      "f":0.0
    },
    "NORP":{
      "p":0.0,
      "r":0.0,
      "f":0.0
    },
    "QUANTITY":{
      "p":0.0,
      "r":0.0,
      "f":0.0
    },
    "ORDINAL":{
      "p":0.0,
      "r":0.0,
      "f":0.0
    },
    "ORG":{
      "p":0.0,
      "r":0.0,
      "f":0.0
    }
  },
  "span_finder_span_candidates_p":0.1606557377,
  "span_finder_span_candidates_r":0.8186157518,
  "span_finder_span_candidates_f":0.2685982772,
  "spans_sc_p":0.7710843373,
  "spans_sc_r":0.7637231504,
  "spans_sc_f":0.7673860911,
  "spans_sc_per_type":{
    "ATTRIBUTE":{
      "p":0.4117647059,
      "r":0.3888888889,
      "f":0.4
    },
    "MONOGLOSS":{
      "p":0.8,
      "r":0.8256880734,
      "f":0.8126410835
    },
    "PRONOUNCE":{
      "p":0.3333333333,
      "r":0.1428571429,
      "f":0.2
    },
    "COUNTER":{
      "p":0.7333333333,
      "r":0.9166666667,
      "f":0.8148148148
    },
    "ENTERTAIN":{
      "p":0.8241758242,
      "r":0.7978723404,
      "f":0.8108108108
    },
    "DENY":{
      "p":0.8571428571,
      "r":0.8275862069,
      "f":0.8421052632
    },
    "CONCUR":{
      "p":1.0,
      "r":0.375,
      "f":0.5454545455
    },
    "ENDORSE":{
      "p":1.0,
      "r":0.3333333333,
      "f":0.5
    }
  },
  "speed":1069.1892339259
}