{
  "token_acc":null,
  "token_p":null,
  "token_r":null,
  "token_f":null,
  "sents_p":0.8223787167,
  "sents_r":0.8813417191,
  "sents_f":0.8508399109,
  "dep_uas":null,
  "dep_las":null,
  "dep_las_per_type":null,
  "spans_sc_p":0.6845972186,
  "spans_sc_r":0.5947116481,
  "spans_sc_f":0.6364967065,
  "spans_sc_per_type":{
    "SOURCES":{
      "p":0.9930635838,
      "r":0.5621727749,
      "f":0.7179272879
    },
    "MONOGLOSS":{
      "p":0.9556603774,
      "r":0.9476145931,
      "f":0.9516204791
    },
    "ATTRIBUTION":{
      "p":0.0,
      "r":0.0,
      "f":0.0
    },
    "ENTERTAIN":{
      "p":0.9685157421,
      "r":0.8922651934,
      "f":0.9288281812
    },
    "JUSTIFYING":{
      "p":0.8461538462,
      "r":0.8576998051,
      "f":0.8518877057
    },
    "DENY":{
      "p":0.9203036053,
      "r":0.8691756272,
      "f":0.8940092166
    },
    "ATTRIBUTE":{
      "p":0.0,
      "r":0.0,
      "f":0.0
    },
    "ENDORSE":{
      "p":0.0,
      "r":0.0,
      "f":0.0
    },
    "COUNTER":{
      "p":0.9871060172,
      "r":0.8867438867,
      "f":0.9342372881
    },
    "PROCLAIM":{
      "p":0.0,
      "r":0.0,
      "f":0.0
    },
    "PRONOUNCE":{
      "p":0.0,
      "r":0.0,
      "f":0.0
    },
    "CITATION":{
      "p":0.0,
      "r":0.0,
      "f":0.0
    },
    "ENDOPHORIC":{
      "p":0.0,
      "r":0.0,
      "f":0.0
    },
    "CONCUR":{
      "p":0.0,
      "r":0.0,
      "f":0.0
    }
  },
  "speed":899.1065417004
}