{
  "token_acc":null,
  "token_p":null,
  "token_r":null,
  "token_f":null,
  "spans_sc_p":0.9557581898,
  "spans_sc_r":0.4328351687,
  "spans_sc_f":0.5958342733,
  "spans_sc_per_type":{
    "JUSTIFYING":{
      "p":0.9396401625,
      "r":0.3325118094,
      "f":0.4912014563
    },
    "ENTERTAIN":{
      "p":0.9800859039,
      "r":0.6472408458,
      "f":0.7796241652
    },
    "MONOGLOSS":{
      "p":0.9833262078,
      "r":0.7327174259,
      "f":0.8397225265
    },
    "DENY":{
      "p":0.4723320158,
      "r":0.0628451223,
      "f":0.1109306104
    },
    "CITATION":{
      "p":0.0,
      "r":0.0,
      "f":0.0
    },
    "COUNTER":{
      "p":0.9486836234,
      "r":0.6192834256,
      "f":0.7493831512
    },
    "SOURCES":{
      "p":0.9729965157,
      "r":0.4869224063,
      "f":0.6490412551
    },
    "ATTRIBUTE":{
      "p":0.9807407407,
      "r":0.4983063606,
      "f":0.6608435238
    },
    "PRONOUNCE":{
      "p":0.0,
      "r":0.0,
      "f":0.0
    },
    "CONCUR":{
      "p":0.6925795053,
      "r":0.2908011869,
      "f":0.4096133751
    },
    "EXEMPLIFYING":{
      "p":0.0,
      "r":0.0,
      "f":0.0
    },
    "COMPARATIVE":{
      "p":1.0,
      "r":0.1390922401,
      "f":0.2442159383
    },
    "ENDOPHORIC":{
      "p":0.0,
      "r":0.0,
      "f":0.0
    },
    "ENDORSE":{
      "p":0.9523809524,
      "r":0.6712734452,
      "f":0.787492762
    },
    "GOAL_ANNOUNCING":{
      "p":0.0,
      "r":0.0,
      "f":0.0
    },
    "TEXT_SEQUENCING":{
      "p":0.9416058394,
      "r":0.5009708738,
      "f":0.6539923954
    },
    "EXPOSITORY":{
      "p":0.0,
      "r":0.0,
      "f":0.0
    }
  },
  "speed":1655.1434571723
}