{
  "token_acc":null,
  "token_p":null,
  "token_r":null,
  "token_f":null,
  "span_finder_span_candidates_p":0.3647416413,
  "span_finder_span_candidates_r":0.7594936709,
  "span_finder_span_candidates_f":0.4928131417,
  "spans_sc_p":0.7162162162,
  "spans_sc_r":0.6708860759,
  "spans_sc_f":0.6928104575,
  "spans_sc_per_type":{
    "ENTERTAIN":{
      "p":0.7674418605,
      "r":0.7857142857,
      "f":0.7764705882
    },
    "PRONOUNCE":{
      "p":0.5,
      "r":0.3333333333,
      "f":0.4
    },
    "MONOGLOSS":{
      "p":0.6470588235,
      "r":0.511627907,
      "f":0.5714285714
    },
    "DENY":{
      "p":1.0,
      "r":0.9333333333,
      "f":0.9655172414
    },
    "JUSTIFY":{
      "p":0.75,
      "r":0.7058823529,
      "f":0.7272727273
    },
    "ATTRIBUTE":{
      "p":0.4666666667,
      "r":0.6363636364,
      "f":0.5384615385
    },
    "ENDORSE":{
      "p":1.0,
      "r":1.0,
      "f":1.0
    },
    "COUNTER":{
      "p":0.6363636364,
      "r":0.5384615385,
      "f":0.5833333333
    },
    "CITATION":{
      "p":0.7272727273,
      "r":0.6666666667,
      "f":0.6956521739
    }
  },
  "speed":1695.0902439864
}