{
  "token_acc":null,
  "token_p":null,
  "token_r":null,
  "token_f":null,
  "span_finder_span_candidates_p":0.4111111111,
  "span_finder_span_candidates_r":0.7025316456,
  "span_finder_span_candidates_f":0.5186915888,
  "spans_sc_p":0.7272727273,
  "spans_sc_r":0.6582278481,
  "spans_sc_f":0.6910299003,
  "spans_sc_per_type":{
    "ENTERTAIN":{
      "p":0.7555555556,
      "r":0.8095238095,
      "f":0.7816091954
    },
    "PRONOUNCE":{
      "p":0.6666666667,
      "r":0.6666666667,
      "f":0.6666666667
    },
    "MONOGLOSS":{
      "p":0.6060606061,
      "r":0.4651162791,
      "f":0.5263157895
    },
    "DENY":{
      "p":1.0,
      "r":0.9333333333,
      "f":0.9655172414
    },
    "JUSTIFY":{
      "p":0.9,
      "r":0.5294117647,
      "f":0.6666666667
    },
    "ATTRIBUTE":{
      "p":0.6666666667,
      "r":0.7272727273,
      "f":0.6956521739
    },
    "COUNTER":{
      "p":0.6666666667,
      "r":0.6153846154,
      "f":0.64
    },
    "ENDORSE":{
      "p":0.6666666667,
      "r":1.0,
      "f":0.8
    },
    "CITATION":{
      "p":0.6363636364,
      "r":0.5833333333,
      "f":0.6086956522
    }
  },
  "speed":620.1757519675
}