{
  "token_acc":null,
  "token_p":null,
  "token_r":null,
  "token_f":null,
  "span_finder_span_candidates_p":0.4208633094,
  "span_finder_span_candidates_r":0.7405063291,
  "span_finder_span_candidates_f":0.5366972477,
  "spans_sc_p":0.711409396,
  "spans_sc_r":0.6708860759,
  "spans_sc_f":0.6905537459,
  "spans_sc_per_type":{
    "MONOGLOSS":{
      "p":0.6842105263,
      "r":0.6046511628,
      "f":0.6419753086
    },
    "ENTERTAIN":{
      "p":0.8,
      "r":0.7619047619,
      "f":0.7804878049
    },
    "PRONOUNCE":{
      "p":0.0,
      "r":0.0,
      "f":0.0
    },
    "JUSTIFY":{
      "p":0.5882352941,
      "r":0.5882352941,
      "f":0.5882352941
    },
    "DENY":{
      "p":1.0,
      "r":0.9333333333,
      "f":0.9655172414
    },
    "ATTRIBUTE":{
      "p":0.4615384615,
      "r":0.5454545455,
      "f":0.5
    },
    "ENDORSE":{
      "p":1.0,
      "r":1.0,
      "f":1.0
    },
    "COUNTER":{
      "p":0.6153846154,
      "r":0.6153846154,
      "f":0.6153846154
    },
    "CITATION":{
      "p":0.8,
      "r":0.6666666667,
      "f":0.7272727273
    },
    "CONCUR":{
      "p":0.0,
      "r":0.0,
      "f":0.0
    }
  },
  "speed":1218.2186316726
}