{
  "token_acc":null,
  "token_p":null,
  "token_r":null,
  "token_f":null,
  "span_finder_span_candidates_p":0.4102564103,
  "span_finder_span_candidates_r":0.7088607595,
  "span_finder_span_candidates_f":0.5197215777,
  "spans_sc_p":0.7323943662,
  "spans_sc_r":0.6582278481,
  "spans_sc_f":0.6933333333,
  "spans_sc_per_type":{
    "ENTERTAIN":{
      "p":0.8048780488,
      "r":0.7857142857,
      "f":0.7951807229
    },
    "PRONOUNCE":{
      "p":0.5,
      "r":0.3333333333,
      "f":0.4
    },
    "MONOGLOSS":{
      "p":0.6052631579,
      "r":0.5348837209,
      "f":0.5679012346
    },
    "JUSTIFY":{
      "p":0.7272727273,
      "r":0.4705882353,
      "f":0.5714285714
    },
    "DENY":{
      "p":1.0,
      "r":1.0,
      "f":1.0
    },
    "ATTRIBUTE":{
      "p":0.6666666667,
      "r":0.5454545455,
      "f":0.6
    },
    "COUNTER":{
      "p":0.8181818182,
      "r":0.6923076923,
      "f":0.75
    },
    "ENDORSE":{
      "p":1.0,
      "r":1.0,
      "f":1.0
    },
    "CITATION":{
      "p":0.5384615385,
      "r":0.5833333333,
      "f":0.56
    }
  },
  "speed":3083.2970657827
}