{
  "token_acc":null,
  "token_p":null,
  "token_r":null,
  "token_f":null,
  "span_finder_span_candidates_p":0.1139467472,
  "span_finder_span_candidates_r":0.7887877534,
  "span_finder_span_candidates_f":0.199127869,
  "spans_sc_p":0.7084201751,
  "spans_sc_r":0.7031443939,
  "spans_sc_f":0.7057724252,
  "spans_sc_per_type":{
    "JUSTIFYING":{
      "p":0.5836120401,
      "r":0.6910891089,
      "f":0.632819583
    },
    "ATTRIBUTE":{
      "p":0.6745762712,
      "r":0.671163575,
      "f":0.6728655959
    },
    "MONOGLOSS":{
      "p":0.7667121419,
      "r":0.7871148459,
      "f":0.7767795439
    },
    "SOURCES":{
      "p":0.7071290944,
      "r":0.5853269537,
      "f":0.6404886562
    },
    "ENTERTAIN":{
      "p":0.7321624588,
      "r":0.7968936679,
      "f":0.7631578947
    },
    "CONCUR":{
      "p":0.8955223881,
      "r":0.5128205128,
      "f":0.652173913
    },
    "COUNTER":{
      "p":0.6658536585,
      "r":0.6842105263,
      "f":0.674907293
    },
    "PRONOUNCE":{
      "p":0.7425742574,
      "r":0.7731958763,
      "f":0.7575757576
    },
    "CITATION":{
      "p":0.9201877934,
      "r":0.956097561,
      "f":0.9377990431
    },
    "ENDORSE":{
      "p":0.7414965986,
      "r":0.5647668394,
      "f":0.6411764706
    },
    "ENDOPHORIC":{
      "p":0.3218390805,
      "r":0.2393162393,
      "f":0.2745098039
    },
    "DENY":{
      "p":0.7476635514,
      "r":0.7207207207,
      "f":0.7339449541
    }
  },
  "speed":1831.8174272632
}