{
  "token_acc":null,
  "token_p":null,
  "token_r":null,
  "token_f":null,
  "tag_acc":0.0,
  "sents_p":0.8333333333,
  "sents_r":0.8578431373,
  "sents_f":0.845410628,
  "dep_uas":null,
  "dep_las":null,
  "dep_las_per_type":null,
  "ents_p":0.0,
  "ents_r":0.0,
  "ents_f":0.0,
  "ents_per_type":{
    "PERSON":{
      "p":0.0,
      "r":0.0,
      "f":0.0
    },
    "CARDINAL":{
      "p":0.0,
      "r":0.0,
      "f":0.0
    },
    "QUANTITY":{
      "p":0.0,
      "r":0.0,
      "f":0.0
    },
    "ATTRIBUTE":{
      "p":0.0,
      "r":0.0,
      "f":0.0
    },
    "COUNTER":{
      "p":0.0,
      "r":0.0,
      "f":0.0
    },
    "ORDINAL":{
      "p":0.0,
      "r":0.0,
      "f":0.0
    },
    "ORG":{
      "p":0.0,
      "r":0.0,
      "f":0.0
    },
    "MONOGLOSS":{
      "p":0.0,
      "r":0.0,
      "f":0.0
    },
    "DENY":{
      "p":0.0,
      "r":0.0,
      "f":0.0
    },
    "ENTERTAIN":{
      "p":0.0,
      "r":0.0,
      "f":0.0
    },
    "NORP":{
      "p":0.0,
      "r":0.0,
      "f":0.0
    },
    "DATE":{
      "p":0.0,
      "r":0.0,
      "f":0.0
    },
    "ENDORSE":{
      "p":0.0,
      "r":0.0,
      "f":0.0
    },
    "PRONOUNCE":{
      "p":0.0,
      "r":0.0,
      "f":0.0
    },
    "PRODUCT":{
      "p":0.0,
      "r":0.0,
      "f":0.0
    },
    "GPE":{
      "p":0.0,
      "r":0.0,
      "f":0.0
    },
    "PERCENT":{
      "p":0.0,
      "r":0.0,
      "f":0.0
    },
    "CONCUR":{
      "p":0.0,
      "r":0.0,
      "f":0.0
    },
    "LOC":{
      "p":0.0,
      "r":0.0,
      "f":0.0
    },
    "WORK_OF_ART":{
      "p":0.0,
      "r":0.0,
      "f":0.0
    },
    "TIME":{
      "p":0.0,
      "r":0.0,
      "f":0.0
    },
    "FAC":{
      "p":0.0,
      "r":0.0,
      "f":0.0
    }
  },
  "span_finder_span_candidates_p":0.1467207573,
  "span_finder_span_candidates_r":0.8051948052,
  "span_finder_span_candidates_f":0.2482127538,
  "spans_sc_p":0.7445972495,
  "spans_sc_r":0.7031539889,
  "spans_sc_f":0.7232824427,
  "spans_sc_per_type":{
    "ATTRIBUTE":{
      "p":0.487804878,
      "r":0.6060606061,
      "f":0.5405405405
    },
    "MONOGLOSS":{
      "p":0.7689393939,
      "r":0.7518518519,
      "f":0.7602996255
    },
    "COUNTER":{
      "p":0.8536585366,
      "r":0.7446808511,
      "f":0.7954545455
    },
    "DENY":{
      "p":0.8181818182,
      "r":0.7105263158,
      "f":0.7605633803
    },
    "ENTERTAIN":{
      "p":0.7177419355,
      "r":0.6899224806,
      "f":0.7035573123
    },
    "ENDORSE":{
      "p":1.0,
      "r":0.125,
      "f":0.2222222222
    },
    "PRONOUNCE":{
      "p":0.6666666667,
      "r":0.25,
      "f":0.3636363636
    },
    "CONCUR":{
      "p":1.0,
      "r":0.3333333333,
      "f":0.5
    }
  },
  "speed":971.0936528371
}