{
  "token_acc":null,
  "token_p":null,
  "token_r":null,
  "token_f":null,
  "span_finder_span_candidates_p":0.3602484472,
  "span_finder_span_candidates_r":0.7341772152,
  "span_finder_span_candidates_f":0.4833333333,
  "spans_sc_p":0.66875,
  "spans_sc_r":0.6772151899,
  "spans_sc_f":0.6729559748,
  "spans_sc_per_type":{
    "ENTERTAIN":{
      "p":0.7391304348,
      "r":0.8095238095,
      "f":0.7727272727
    },
    "PRONOUNCE":{
      "p":0.5,
      "r":0.3333333333,
      "f":0.4
    },
    "MONOGLOSS":{
      "p":0.5581395349,
      "r":0.5581395349,
      "f":0.5581395349
    },
    "DENY":{
      "p":1.0,
      "r":0.8666666667,
      "f":0.9285714286
    },
    "JUSTIFY":{
      "p":0.6923076923,
      "r":0.5294117647,
      "f":0.6
    },
    "ATTRIBUTE":{
      "p":0.5333333333,
      "r":0.7272727273,
      "f":0.6153846154
    },
    "COUNTER":{
      "p":0.6428571429,
      "r":0.6923076923,
      "f":0.6666666667
    },
    "ENDORSE":{
      "p":0.6666666667,
      "r":1.0,
      "f":0.8
    },
    "CITATION":{
      "p":0.6363636364,
      "r":0.5833333333,
      "f":0.6086956522
    }
  },
  "speed":478.975650175
}