{
  "token_acc":null,
  "token_p":null,
  "token_r":null,
  "token_f":null,
  "sents_p":0.8282871972,
  "sents_r":0.8549107143,
  "sents_f":0.8413884007,
  "dep_uas":null,
  "dep_las":null,
  "dep_las_per_type":null,
  "spans_sc_p":0.7839515082,
  "spans_sc_r":0.7277599143,
  "spans_sc_f":0.7548113666,
  "spans_sc_per_type":{
    "COUNTER":{
      "p":0.9141104294,
      "r":0.9536,
      "f":0.9334377447
    },
    "DENY":{
      "p":0.9466666667,
      "r":0.8875,
      "f":0.9161290323
    },
    "SOURCES":{
      "p":0.4,
      "r":0.718699187,
      "f":0.5139534884
    },
    "ATTRIBUTION":{
      "p":0.7881679389,
      "r":0.8098039216,
      "f":0.7988394584
    },
    "CITATION":{
      "p":0.0,
      "r":0.0,
      "f":0.0
    },
    "PROCLAIM":{
      "p":0.9513274336,
      "r":0.7142857143,
      "f":0.8159392789
    },
    "ENTERTAIN":{
      "p":0.884079237,
      "r":0.850388144,
      "f":0.8669064748
    },
    "JUSTIFYING":{
      "p":0.8013245033,
      "r":0.7650158061,
      "f":0.7827493261
    },
    "MONOGLOSS":{
      "p":0.8677130045,
      "r":0.8533627343,
      "f":0.8604780434
    },
    "ENDOPHORIC":{
      "p":0.7122641509,
      "r":0.5634328358,
      "f":0.6291666667
    },
    "TEXT_SEQUENCING":{
      "p":0.0,
      "r":0.0,
      "f":0.0
    },
    "COMPARATIVE":{
      "p":0.0,
      "r":0.0,
      "f":0.0
    },
    "GOAL_ANNOUNCING":{
      "p":0.0,
      "r":0.0,
      "f":0.0
    }
  },
  "speed":674.6643698442
}