{
  "token_acc":null,
  "token_p":null,
  "token_r":null,
  "token_f":null,
  "span_finder_span_candidates_p":0.129048269,
  "span_finder_span_candidates_r":0.7831325301,
  "span_finder_span_candidates_f":0.2215830404,
  "spans_sc_p":0.6960059172,
  "spans_sc_r":0.707518797,
  "spans_sc_f":0.701715138,
  "spans_sc_per_type":{
    "ENTERTAIN":{
      "p":0.7240356083,
      "r":0.7795527157,
      "f":0.7507692308
    },
    "CITATION":{
      "p":0.9047619048,
      "r":0.9193548387,
      "f":0.912
    },
    "MONOGLOSS":{
      "p":0.7552447552,
      "r":0.7659574468,
      "f":0.7605633803
    },
    "SOURCES":{
      "p":0.6206896552,
      "r":0.6136363636,
      "f":0.6171428571
    },
    "DENY":{
      "p":0.6226415094,
      "r":0.6470588235,
      "f":0.6346153846
    },
    "ENDORSE":{
      "p":0.6153846154,
      "r":0.4705882353,
      "f":0.5333333333
    },
    "COMPARATIVE":{
      "p":0.6842105263,
      "r":0.4642857143,
      "f":0.5531914894
    },
    "ATTRIBUTE":{
      "p":0.5779816514,
      "r":0.5526315789,
      "f":0.5650224215
    },
    "JUSTIFYING":{
      "p":0.7152777778,
      "r":0.6358024691,
      "f":0.6732026144
    },
    "COUNTER":{
      "p":0.7063492063,
      "r":0.8090909091,
      "f":0.7542372881
    },
    "ENDOPHORIC":{
      "p":0.3333333333,
      "r":0.4375,
      "f":0.3783783784
    },
    "CONCUR":{
      "p":0.5714285714,
      "r":0.4444444444,
      "f":0.5
    },
    "PRONOUNCE":{
      "p":0.4814814815,
      "r":0.7222222222,
      "f":0.5777777778
    }
  },
  "speed":1364.2683810216
}