{
  "token_acc":null,
  "token_p":null,
  "token_r":null,
  "token_f":null,
  "spans_sc_p":0.7607003891,
  "spans_sc_r":0.3716730038,
  "spans_sc_f":0.4993614304,
  "spans_sc_per_type":{
    "DENY":{
      "p":0.0,
      "r":0.0,
      "f":0.0
    },
    "ENTERTAIN":{
      "p":0.8089171975,
      "r":0.5619469027,
      "f":0.6631853786
    },
    "JUSTIFYING":{
      "p":0.8536585366,
      "r":0.2991452991,
      "f":0.4430379747
    },
    "MONOGLOSS":{
      "p":0.7806451613,
      "r":0.5550458716,
      "f":0.6487935657
    },
    "ENDOPHORIC":{
      "p":0.0,
      "r":0.0,
      "f":0.0
    },
    "COUNTER":{
      "p":0.7111111111,
      "r":0.4210526316,
      "f":0.5289256198
    },
    "CONCUR":{
      "p":0.6666666667,
      "r":0.1428571429,
      "f":0.2352941176
    },
    "ATTRIBUTE":{
      "p":0.6511627907,
      "r":0.3181818182,
      "f":0.427480916
    },
    "SOURCES":{
      "p":0.6923076923,
      "r":0.3802816901,
      "f":0.4909090909
    },
    "EXEMPLIFYING":{
      "p":0.0,
      "r":0.0,
      "f":0.0
    },
    "CITATION":{
      "p":0.0,
      "r":0.0,
      "f":0.0
    },
    "ENDORSE":{
      "p":0.6,
      "r":0.4615384615,
      "f":0.5217391304
    },
    "COMPARATIVE":{
      "p":0.5,
      "r":0.1379310345,
      "f":0.2162162162
    },
    "PRONOUNCE":{
      "p":0.3333333333,
      "r":0.0555555556,
      "f":0.0952380952
    },
    "GOAL_ANNOUNCING":{
      "p":0.0,
      "r":0.0,
      "f":0.0
    },
    "TEXT_SEQUENCING":{
      "p":0.8888888889,
      "r":0.6153846154,
      "f":0.7272727273
    },
    "EXPOSITORY":{
      "p":0.0,
      "r":0.0,
      "f":0.0
    }
  },
  "speed":1211.2665085102
}