{
  "token_acc":null,
  "token_p":null,
  "token_r":null,
  "token_f":null,
  "sents_p":0.9034907598,
  "sents_r":0.9034907598,
  "sents_f":0.9034907598,
  "dep_uas":null,
  "dep_las":null,
  "dep_las_per_type":null,
  "spans_sc_p":0.6675675676,
  "spans_sc_r":0.1857142857,
  "spans_sc_f":0.2905882353,
  "spans_sc_per_type":{
    "MONOGLOSS":{
      "p":0.8103448276,
      "r":0.1666666667,
      "f":0.2764705882
    },
    "CITATION":{
      "p":0.0,
      "r":0.0,
      "f":0.0
    },
    "ENTERTAIN":{
      "p":0.7912621359,
      "r":0.5207667732,
      "f":0.6281310212
    },
    "JUSTIFYING":{
      "p":0.0,
      "r":0.0,
      "f":0.0
    },
    "COMPARATIVE":{
      "p":0.0,
      "r":0.0,
      "f":0.0
    },
    "DENY":{
      "p":0.0,
      "r":0.0,
      "f":0.0
    },
    "SOURCES":{
      "p":0.0,
      "r":0.0,
      "f":0.0
    },
    "ENDORSE":{
      "p":0.0,
      "r":0.0,
      "f":0.0
    },
    "ATTRIBUTE":{
      "p":0.3490566038,
      "r":0.3245614035,
      "f":0.3363636364
    },
    "COUNTER":{
      "p":0.0,
      "r":0.0,
      "f":0.0
    },
    "ENDOPHORIC":{
      "p":0.0,
      "r":0.0,
      "f":0.0
    },
    "CONCUR":{
      "p":0.0,
      "r":0.0,
      "f":0.0
    },
    "PRONOUNCE":{
      "p":0.0,
      "r":0.0,
      "f":0.0
    }
  },
  "speed":399.0229818005
}