{
  "token_acc":null,
  "token_p":null,
  "token_r":null,
  "token_f":null,
  "span_finder_span_candidates_p":0.3986710963,
  "span_finder_span_candidates_r":0.7594936709,
  "span_finder_span_candidates_f":0.522875817,
  "spans_sc_p":0.7482993197,
  "spans_sc_r":0.6962025316,
  "spans_sc_f":0.7213114754,
  "spans_sc_per_type":{
    "ENTERTAIN":{
      "p":0.7111111111,
      "r":0.7619047619,
      "f":0.7356321839
    },
    "PRONOUNCE":{
      "p":0.5,
      "r":0.3333333333,
      "f":0.4
    },
    "MONOGLOSS":{
      "p":0.6857142857,
      "r":0.5581395349,
      "f":0.6153846154
    },
    "DENY":{
      "p":1.0,
      "r":0.9333333333,
      "f":0.9655172414
    },
    "JUSTIFY":{
      "p":0.875,
      "r":0.8235294118,
      "f":0.8484848485
    },
    "ATTRIBUTE":{
      "p":0.6363636364,
      "r":0.6363636364,
      "f":0.6363636364
    },
    "ENDORSE":{
      "p":0.6666666667,
      "r":1.0,
      "f":0.8
    },
    "COUNTER":{
      "p":0.8181818182,
      "r":0.6923076923,
      "f":0.75
    },
    "CITATION":{
      "p":0.7,
      "r":0.5833333333,
      "f":0.6363636364
    }
  },
  "speed":1604.9846529732
}