{
  "ATTRIBUTION": {
    "precision": 0.8457538994800693,
    "recall": 0.7530864197530864,
    "f1-score": 0.796734693877551,
    "support": 648
  },
  "CITATION": {
    "precision": 0.8522167487684729,
    "recall": 0.9105263157894737,
    "f1-score": 0.8804071246819339,
    "support": 190
  },
  "COUNTER": {
    "precision": 0.8665105386416861,
    "recall": 0.893719806763285,
    "f1-score": 0.8799048751486325,
    "support": 414
  },
  "DENY": {
    "precision": 0.9333333333333333,
    "recall": 0.9032258064516129,
    "f1-score": 0.9180327868852459,
    "support": 310
  },
  "ENDOPHORIC": {
    "precision": 0.8144329896907216,
    "recall": 0.6638655462184874,
    "f1-score": 0.7314814814814814,
    "support": 119
  },
  "ENTERTAIN": {
    "precision": 0.8723897911832946,
    "recall": 0.8941736028537456,
    "f1-score": 0.8831473869641808,
    "support": 841
  },
  "JUSTIFYING": {
    "precision": 0.8754152823920266,
    "recall": 0.7784342688330872,
    "f1-score": 0.8240813135261924,
    "support": 677
  },
  "MONOGLOSS": {
    "precision": 0.8710601719197708,
    "recall": 0.8611898016997167,
    "f1-score": 0.866096866096866,
    "support": 706
  },
  "PROCLAIM": {
    "precision": 0.7901234567901234,
    "recall": 0.7164179104477612,
    "f1-score": 0.75146771037182,
    "support": 268
  },
  "SOURCES": {
    "precision": 0.8062015503875969,
    "recall": 0.7238979118329466,
    "f1-score": 0.7628361858190709,
    "support": 431
  },
  "_": {
    "precision": 0.0,
    "recall": 0.0,
    "f1-score": 0.0,
    "support": 357
  },
  "accuracy": 0.7621447288853054,
  "macro avg": {
    "precision": 0.775221614780645,
    "recall": 0.7362306718766548,
    "f1-score": 0.7540173113502704,
    "support": 4961
  },
  "weighted avg": {
    "precision": 0.7973163329590808,
    "recall": 0.7621447288853054,
    "f1-score": 0.7784214161440517,
    "support": 4961
  },
  "kappa": {
    "Overall": 0.732191448176718
  }
}