{
  "ATTRIBUTION": {
    "precision": 0.754950495049505,
    "recall": 0.6199186991869918,
    "f1-score": 0.6808035714285714,
    "support": 984
  },
  "CITATION": {
    "precision": 0.947242206235012,
    "recall": 0.8956916099773242,
    "f1-score": 0.9207459207459207,
    "support": 441
  },
  "COUNTER": {
    "precision": 0.7874149659863946,
    "recall": 0.8654205607476636,
    "f1-score": 0.8245770258236866,
    "support": 535
  },
  "DENY": {
    "precision": 0.8078817733990148,
    "recall": 0.82,
    "f1-score": 0.8138957816377171,
    "support": 400
  },
  "ENDOPHORIC": {
    "precision": 0.8529411764705882,
    "recall": 0.5631067961165048,
    "f1-score": 0.6783625730994152,
    "support": 206
  },
  "ENTERTAIN": {
    "precision": 0.8348694316436251,
    "recall": 0.81790820165538,
    "f1-score": 0.8263017863930064,
    "support": 1329
  },
  "JUSTIFYING": {
    "precision": 0.9130966952264382,
    "recall": 0.8144104803493449,
    "f1-score": 0.8609347951529139,
    "support": 916
  },
  "MONOGLOSS": {
    "precision": 0.7874659400544959,
    "recall": 0.8508341511285574,
    "f1-score": 0.8179245283018868,
    "support": 1019
  },
  "PROCLAIM": {
    "precision": 0.6618705035971223,
    "recall": 0.6727605118829981,
    "f1-score": 0.6672710788757933,
    "support": 547
  },
  "SOURCES": {
    "precision": 0.8308026030368764,
    "recall": 0.5937984496124031,
    "f1-score": 0.6925858951175407,
    "support": 645
  },
  "_": {
    "precision": 0.0,
    "recall": 0.0,
    "f1-score": 0.0,
    "support": 635
  },
  "accuracy": 0.7004048582995951,
  "macro avg": {
    "precision": 0.7435032536999157,
    "recall": 0.6830772236961062,
    "f1-score": 0.7075820869614956,
    "support": 7657
  },
  "weighted avg": {
    "precision": 0.747944022909411,
    "recall": 0.7004048582995951,
    "f1-score": 0.720172521898364,
    "support": 7657
  },
  "kappa": {
    "Overall": 0.663935888919269
  }
}