{
  "1_single_transformerdev": {
    "ATTRIBUTION": {
      "precision": 0.7522935779816514,
      "recall": 0.7130434782608696,
      "f1-score": 0.7321428571428571,
      "support": 115
    },
    "CITATION": {
      "precision": 0.8888888888888888,
      "recall": 0.9411764705882353,
      "f1-score": 0.9142857142857143,
      "support": 68
    },
    "COUNTER": {
      "precision": 0.8648648648648649,
      "recall": 0.897196261682243,
      "f1-score": 0.8807339449541284,
      "support": 107
    },
    "DENY": {
      "precision": 0.8923076923076924,
      "recall": 0.8656716417910447,
      "f1-score": 0.8787878787878788,
      "support": 67
    },
    "ENDOPHORIC": {
      "precision": 0.7777777777777778,
      "recall": 0.8076923076923077,
      "f1-score": 0.7924528301886792,
      "support": 26
    },
    "ENTERTAIN": {
      "precision": 0.875968992248062,
      "recall": 0.8401486988847584,
      "f1-score": 0.857685009487666,
      "support": 269
    },
    "JUSTIFYING": {
      "precision": 0.7672955974842768,
      "recall": 0.8187919463087249,
      "f1-score": 0.7922077922077921,
      "support": 149
    },
    "MONOGLOSS": {
      "precision": 0.8509803921568627,
      "recall": 0.8443579766536965,
      "f1-score": 0.84765625,
      "support": 257
    },
    "PROCLAIM": {
      "precision": 0.6458333333333334,
      "recall": 0.7380952380952381,
      "f1-score": 0.6888888888888889,
      "support": 42
    },
    "SOURCES": {
      "precision": 0.676923076923077,
      "recall": 0.6376811594202898,
      "f1-score": 0.6567164179104477,
      "support": 69
    },
    "_": {
      "precision": 0.0,
      "recall": 0.0,
      "f1-score": 0.0,
      "support": 127
    },
    "accuracy": 0.7415123456790124,
    "macro avg": {
      "precision": 0.7266485630878624,
      "recall": 0.7367141072161281,
      "f1-score": 0.7310506894412775,
      "support": 1296
    },
    "weighted avg": {
      "precision": 0.742286219206485,
      "recall": 0.7415123456790124,
      "f1-score": 0.741465742073256,
      "support": 1296
    },
    "kappa": {
      "Overall": 0.7034412049784391
    }
  },
  "1_single_transformertest": {
    "ATTRIBUTION": {
      "precision": 0.7203389830508474,
      "recall": 0.6910569105691057,
      "f1-score": 0.7053941908713693,
      "support": 123
    },
    "CITATION": {
      "precision": 0.9692307692307692,
      "recall": 0.9264705882352942,
      "f1-score": 0.9473684210526316,
      "support": 68
    },
    "COUNTER": {
      "precision": 0.8583333333333333,
      "recall": 0.9196428571428571,
      "f1-score": 0.8879310344827586,
      "support": 112
    },
    "DENY": {
      "precision": 0.8192771084337349,
      "recall": 0.8292682926829268,
      "f1-score": 0.8242424242424242,
      "support": 82
    },
    "ENDOPHORIC": {
      "precision": 0.5757575757575758,
      "recall": 0.7037037037037037,
      "f1-score": 0.6333333333333334,
      "support": 27
    },
    "ENTERTAIN": {
      "precision": 0.8541666666666666,
      "recall": 0.8541666666666666,
      "f1-score": 0.8541666666666666,
      "support": 288
    },
    "JUSTIFYING": {
      "precision": 0.8292682926829268,
      "recall": 0.8143712574850299,
      "f1-score": 0.8217522658610271,
      "support": 167
    },
    "MONOGLOSS": {
      "precision": 0.8592592592592593,
      "recall": 0.8467153284671532,
      "f1-score": 0.8529411764705882,
      "support": 274
    },
    "PROCLAIM": {
      "precision": 0.6046511627906976,
      "recall": 0.65,
      "f1-score": 0.6265060240963854,
      "support": 40
    },
    "SOURCES": {
      "precision": 0.6987951807228916,
      "recall": 0.7341772151898734,
      "f1-score": 0.7160493827160493,
      "support": 79
    },
    "_": {
      "precision": 0.0,
      "recall": 0.0,
      "f1-score": 0.0,
      "support": 135
    },
    "accuracy": 0.7426523297491039,
    "macro avg": {
      "precision": 0.7080980301753366,
      "recall": 0.7245066200129646,
      "f1-score": 0.7154259017993848,
      "support": 1395
    },
    "weighted avg": {
      "precision": 0.7402757030086902,
      "recall": 0.7426523297491039,
      "f1-score": 0.7411378822285744,
      "support": 1395
    },
    "kappa": {
      "Overall": 0.7047288313970114
    }
  }
}