{
  "ATTRIBUTION": {
    "precision": 0.7572815533980582,
    "recall": 0.6782608695652174,
    "f1-score": 0.7155963302752293,
    "support": 115
  },
  "CITATION": {
    "precision": 0.8985507246376812,
    "recall": 0.9117647058823529,
    "f1-score": 0.9051094890510949,
    "support": 68
  },
  "COUNTER": {
    "precision": 0.8981481481481481,
    "recall": 0.9065420560747663,
    "f1-score": 0.9023255813953489,
    "support": 107
  },
  "DENY": {
    "precision": 0.8805970149253731,
    "recall": 0.8805970149253731,
    "f1-score": 0.8805970149253731,
    "support": 67
  },
  "ENDOPHORIC": {
    "precision": 0.5909090909090909,
    "recall": 0.5,
    "f1-score": 0.5416666666666667,
    "support": 26
  },
  "ENTERTAIN": {
    "precision": 0.8625954198473282,
    "recall": 0.8401486988847584,
    "f1-score": 0.8512241054613936,
    "support": 269
  },
  "JUSTIFYING": {
    "precision": 0.8805970149253731,
    "recall": 0.7919463087248322,
    "f1-score": 0.8339222614840989,
    "support": 149
  },
  "MONOGLOSS": {
    "precision": 0.8,
    "recall": 0.9027237354085603,
    "f1-score": 0.8482632541133456,
    "support": 257
  },
  "PROCLAIM": {
    "precision": 0.75,
    "recall": 0.7142857142857143,
    "f1-score": 0.7317073170731706,
    "support": 42
  },
  "SOURCES": {
    "precision": 0.7592592592592593,
    "recall": 0.5942028985507246,
    "f1-score": 0.6666666666666666,
    "support": 69
  },
  "_": {
    "precision": 0.0,
    "recall": 0.0,
    "f1-score": 0.0,
    "support": 108
  },
  "accuracy": 0.7486296006264683,
  "macro avg": {
    "precision": 0.7343580205500284,
    "recall": 0.7018610911183908,
    "f1-score": 0.7160980624647626,
    "support": 1277
  },
  "weighted avg": {
    "precision": 0.7606815412555428,
    "recall": 0.7486296006264683,
    "f1-score": 0.7528913537464449,
    "support": 1277
  },
  "kappa": {
    "Overall": 0.7099721163091645
  }
}