{
  "ATTRIBUTION": {
    "precision": 0.8,
    "recall": 0.7163323782234957,
    "f1-score": 0.7558578987150416,
    "support": 698.0
  },
  "CITATION": {
    "precision": 0.8641025641025641,
    "recall": 0.9546742209631728,
    "f1-score": 0.9071332436069985,
    "support": 353.0
  },
  "COUNTER": {
    "precision": 0.8301075268817204,
    "recall": 0.8812785388127854,
    "f1-score": 0.8549280177187154,
    "support": 438.0
  },
  "DENY": {
    "precision": 0.839622641509434,
    "recall": 0.7542372881355932,
    "f1-score": 0.7946428571428571,
    "support": 236.0
  },
  "ENDOPHORIC": {
    "precision": 0.86,
    "recall": 0.7644444444444445,
    "f1-score": 0.8094117647058824,
    "support": 225.0
  },
  "ENTERTAIN": {
    "precision": 0.850609756097561,
    "recall": 0.8378378378378378,
    "f1-score": 0.8441754916792739,
    "support": 999.0
  },
  "JUSTIFYING": {
    "precision": 0.8535211267605634,
    "recall": 0.5580110497237569,
    "f1-score": 0.6748329621380846,
    "support": 543.0
  },
  "MONOGLOSS": {
    "precision": 0.7443519619500595,
    "recall": 0.8517006802721089,
    "f1-score": 0.7944162436548223,
    "support": 735.0
  },
  "PROCLAIM": {
    "precision": 0.7762711864406779,
    "recall": 0.7111801242236024,
    "f1-score": 0.7423014586709887,
    "support": 322.0
  },
  "SOURCES": {
    "precision": 0.7729885057471264,
    "recall": 0.682741116751269,
    "f1-score": 0.725067385444744,
    "support": 394.0
  },
  "_": {
    "precision": 0.0,
    "recall": 0.0,
    "f1-score": 0.0,
    "support": 492.0
  },
  "accuracy": 0.7059797608095676,
  "macro avg": {
    "precision": 0.7446886608627005,
    "recall": 0.7011306981261879,
    "f1-score": 0.7184333930434007,
    "support": 5435.0
  },
  "weighted avg": {
    "precision": 0.7421348387861333,
    "recall": 0.7059797608095676,
    "f1-score": 0.71946234676612,
    "support": 5435.0
  },
  "kappa": {
    "Overall": 0.669595373567531
  },
  "MCC": {
    "Overall": 0.6710046796217312
  }
}