{
  "token_acc":null,
  "token_p":null,
  "token_r":null,
  "token_f":null,
  "spans_sc_p":0.6753411615,
  "spans_sc_r":0.430420712,
  "spans_sc_f":0.5257566399,
  "spans_sc_per_type":{
    "JUSTIFYING":{
      "p":0.8861788618,
      "r":0.2007366483,
      "f":0.3273273273
    },
    "COUNTER":{
      "p":0.8192090395,
      "r":0.6621004566,
      "f":0.7323232323
    },
    "PROCLAIM":{
      "p":0.6604938272,
      "r":0.3322981366,
      "f":0.4421487603
    },
    "ENTERTAIN":{
      "p":0.7756653992,
      "r":0.6126126126,
      "f":0.6845637584
    },
    "SOURCES":{
      "p":0.5329949239,
      "r":0.2664974619,
      "f":0.3553299492
    },
    "ATTRIBUTION":{
      "p":0.7288135593,
      "r":0.2464183381,
      "f":0.3683083512
    },
    "MONOGLOSS":{
      "p":0.4067357513,
      "r":0.4266304348,
      "f":0.4164456233
    },
    "DENY":{
      "p":0.6666666667,
      "r":0.6271186441,
      "f":0.6462882096
    },
    "CITATION":{
      "p":0.9155405405,
      "r":0.7677053824,
      "f":0.8351309707
    },
    "ENDOPHORIC":{
      "p":0.0,
      "r":0.0,
      "f":0.0
    }
  },
  "speed":12448.9426115741
}