{
  "token_acc":null,
  "token_p":null,
  "token_r":null,
  "token_f":null,
  "sents_p":0.936353211,
  "sents_r":0.957771261,
  "sents_f":0.9469411424,
  "dep_uas":null,
  "dep_las":null,
  "dep_las_per_type":null,
  "spans_sc_p":0.7821311962,
  "spans_sc_r":0.5329692557,
  "spans_sc_f":0.6339468303,
  "spans_sc_per_type":{
    "COUNTER":{
      "p":0.7699115044,
      "r":0.595890411,
      "f":0.6718146718
    },
    "PROCLAIM":{
      "p":0.6481481481,
      "r":0.4347826087,
      "f":0.5204460967
    },
    "ENTERTAIN":{
      "p":0.7834319527,
      "r":0.6626626627,
      "f":0.7180043384
    },
    "JUSTIFYING":{
      "p":0.9743589744,
      "r":0.2099447514,
      "f":0.3454545455
    },
    "SOURCES":{
      "p":0.7807017544,
      "r":0.4517766497,
      "f":0.5723472669
    },
    "ATTRIBUTION":{
      "p":0.7876344086,
      "r":0.4197707736,
      "f":0.5476635514
    },
    "DENY":{
      "p":0.7979274611,
      "r":0.6525423729,
      "f":0.7179487179
    },
    "MONOGLOSS":{
      "p":0.7005730659,
      "r":0.6644021739,
      "f":0.6820083682
    },
    "CITATION":{
      "p":0.9492537313,
      "r":0.9008498584,
      "f":0.9244186047
    },
    "ENDOPHORIC":{
      "p":1.0,
      "r":0.1155555556,
      "f":0.2071713147
    }
  },
  "speed":1067.1598709755
}